Name,Value,Type
cb2_v0,"7.00, 1.00, 0.00, 0.00",float4
cb2_v1,"0.47144, 0.00, 4.38471E-34, 5.31092E-43",float4
