Name,Value,Type
cb0_v0,"0.00, 0.00, 60.00, 0.00",float4
cb0_v1,"1.00, -6.66667, 0.00, 4653.00",float4
cb0_v2,"1.00, 1.00, 0.99896, 0.99815",float4
cb0_v3,"1.00, 0.00185, -0.00238, 0.00",float4
cb0_v4,"0.9375, 0.52734, 1.06667, 1.8963",float4
cb0_v5,"0.50, -0.50, 0.50, 0.50",float4
cb0_v6,"366.38327, 114.97507, 0.00005, 0.00",float4
cb0_v7,"-3850.03589, -15399.91797, 5.00, 1.00",float4
cb0_v8,"0.00, 0.00, 1.00, 1.00",float4
cb0_v9,"0.00026, 0.00046, 0.9987, 0.99769",float4
